Date,Added,Added,Removed,Removed,Reason
Date,Ticker,Security,Ticker,Security,Reason
"May 22, 2025",PEGA,Pegasystems,JWN,Nordstrom,The Nordstrom family and El Puerto de Liverpool acquired Nordstrom.[2]
"May 1, 2025",OKTA,"Okta, Inc.",BERY,Berry Global,S&P 500 constituent Amcor plc acquired Berry Global Group.[3]
"March 31, 2025",CAVA,Cava Group,ALTR,Altair Engineering,Siemens AG acquired Altair Engineering.[4]
"March 24, 2025",VFC,VF Corporation,TKO,TKO Group Holdings,Market capitalization change.[5]
"March 24, 2025",ALK,Alaska Air Group,WSM,"Williams-Sonoma, Inc.",Market capitalization change.[5]
"March 24, 2025",HIMS,Hims & Hers Health,EXE,Expand Energy,Market capitalization change.[5]
"March 24, 2025",BBWI,"Bath & Body Works, Inc.",CC,Chemours,Market capitalization change.[5]
"March 24, 2025",ATI,ATI Inc.,TDC,Teradata,Market capitalization change.[5]
"March 24, 2025",SATS,EchoStar,NEOG,Neogen,Market capitalization change.[5]
"March 11, 2025",ACI,Albertsons,AZPN,Aspen Technology,S&P 500 constituent Emerson Electric acquired Aspen Technology.[6]
"March 6, 2025",ENTG,Entegris,ALTM,Arcadium Lithium,Rio Tinto acquired Arcadium Lithium.[7]
"January 27, 2025",GWRE,Guidewire Software,ARWR,Arrowhead Pharmaceuticals,Market capitalization change.[8]
"January 14, 2025",CART,Maplebear Inc.,ENOV,Enovis,Market capitalization change.[9]
"December 23, 2024",CMA,Comerica,VSH,Vishay Intertechnology,Market capitalization change.[10]
"December 23, 2024",CRS,Carpenter Technology,CRI,Carter's,Market capitalization change.[10]
"December 23, 2024",BILL,BILL Holdings,LII,Lennox International,Market capitalization change.[11]
"November 26, 2024",MLI,Mueller Industries,TPL,Texas Pacific Land Corporation,Market capitalization change.[12]
"November 25, 2024",FLEX,Flex Ltd.,AZTA,Azenta,Market capitalization change.[13]
"November 20, 2024",FOUR,Shift4,RCM,R1 RCM,"TowerBrook Capital Partners and Clayton, Dubilier & Rice acquired R1 RCM.[14]"
"November 6, 2024",CHWY,Chewy,SRCL,Stericycle,"S&P 500 constituent Waste Management, Inc. acquired Stericycle.[15]"
"October 11, 2024",DOCU,Docusign,MDU,MDU Resources,Market capitalization change.[16]
"October 1, 2024",ENSG,Ensign Group,SWN,Southwestern Energy,S&P MidCap 400 constituent Chesapeake Energy Corp. acquired Southwestern Energy. The combined company renamed to Expand Energy Corporation.[17]
"September 23, 2024",BIO,Bio-Rad Laboratories,ERIE,Erie Indemnity,Market capitalization change.[18]
"September 23, 2024",CNH,CNH Industrial,MP,MP Materials,Market capitalization change.[18]
"September 23, 2024",WAL,Western Alliance Bancorporation,PGNY,Progyny,Market capitalization change.[18]
"September 23, 2024",PSN,Parsons Corporation,ADNT,Adient,Market capitalization change.[18]
"September 23, 2024",HLNE,Hamilton Lane,WOLF,Wolfspeed,Market capitalization change.[18]
"September 23, 2024",VNOM,Viper Energy,HELE,Helen of Troy Limited,Market capitalization change.[18]
"September 23, 2024",FN,Fabrinet,ZD,Ziff Davis,Market capitalization change.[18]
"September 23, 2024",AAL,American Airlines Group,TGNA,Tegna Inc.,Market capitalization change.[18]
"July 26, 2024",AVTR,Avantor,QDEL,QuidelOrtho,Market capitalization change.[19]
"July 22, 2024",ANF,Abercrombie & Fitch,ETRN,Equitrans Midstream,S&P 500 constituent EQT Corporation acquired Equitrans Midstream.[20]
"June 28, 2024",RYAN,Ryan Specialty,AIRC,Apartment Income REIT,Blackstone Inc. acquired Apartment Income REIT.[21]
"June 24, 2024",TPL,Texas Pacific Land Corporation,WERN,Werner Enterprises,Market capitalization change.[22]
"June 24, 2024",BMRN,BioMarin Pharmaceutical,IART,Integra LifeSciences,Market capitalization change.[22]
"June 24, 2024",WMG,Warner Music Group,PENN,Penn Entertainment,Market capitalization change.[22]
"June 24, 2024",NXT,Nextracker,GO,Grocery Outlet,Market capitalization change.[22]
"June 24, 2024",ALTR,Altair Engineering,LEG,Leggett & Platt,Market capitalization change.[22]
"June 24, 2024",RBA,RB Global,HTZ,Hertz,Market capitalization change.[22]
"June 24, 2024",ILMN,"Illumina, Inc.",GDDY,GoDaddy,Market capitalization change.[22]
"June 3, 2024",SRPT,Sarepta Therapeutics,SWAV,Shockwave Medical,S&P 500 constituent Johnson & Johnson acquired Shockwave Medical.[23]
"May 3, 2024",AAON,AAON,VST,Vistra,Market capitalization change.[24]
"April 22, 2024",DUOL,Duolingo,CABO,Cable One,Market capitalization change.[25]
"April 3, 2024",XRAY,Dentsply Sirona,FOXF,Fox Factory,Market capitalization change.[26]
"April 1, 2024",ROIV,Roivant Sciences,RUN,Sunrun,Market capitalization change.[27]
"April 1, 2024",APPF,AppFolio,NARI,Inari Medical,Market capitalization change.[28]
"March 18, 2024",WHR,Whirlpool,SMCI,Supermicro,Market capitalization change.[29]
"March 18, 2024",ZION,Zions Bancorporation,DECK,Deckers Brands,Market capitalization change.[29]
"March 18, 2024",CYTK,Cytokinetics,CALX,Calix,Market capitalization change.[29]
"March 18, 2024",AIT,Applied Industrial Technologies,MPW,Medical Properties Trust,Market capitalization change.[29]
"March 1, 2024",AMH,American Homes 4 Rent,DOC,Physicians Realty Trust,S&P 500 constituent Healthpeak Properties acquired Physicians Realty Trust.[30]
"January 23, 2024",ELF,e.l.f. Beauty,SRC,Spirit Realty,S&P 500 constituent Realty Income acquired Spirit Realty Capital.[31]
"January 5, 2024",PSTG,Pure Storage,PDCO,Patterson Companies,Market capitalization change.[32]
"January 2, 2024",ALTM,Arcadium Lithium,VYX,NCR Voyix,Market capitalization change.[33]
"December 18, 2023",RMBS,Rambus,JBL,Jabil,Market capitalization change.[34]
"December 18, 2023",FIX,Comfort Systems USA,BLDR,Builders FirstSource,Market capitalization change.[34]
"December 18, 2023",HLI,Houlihan Lokey,MODG,Topgolf Callaway Brands,Market capitalization change.[34]
"December 18, 2023",EQH,Equitable Holdings,VSTS,Vestis,Market capitalization change.[34]
"November 30, 2023",CG,Carlyle Group,ICUI,ICU Medical,Market capitalization change.[35]
"November 30, 2023",WPC,W. P. Carey,WOR,Worthington Industries,Market capitalization change.[35]
"November 13, 2023",CNM,Core & Main,ACIW,ACI Worldwide,Market capitalization change.[36]
"November 7, 2023",BURL,Burlington,ENV,Envestnet,Market capitalization change.[37]
"October 20, 2023",FND,Floor & Decor,VICR,Vicor,Market capitalization change.[38]
"October 18, 2023",ONTO,Onto Innovation,HUBB,Hubbell Incorporated,Market capitalization change.[39]
"October 12, 2023",H,Hyatt,NATI,National Instruments,S&P 500 constituent Emerson Electric acquired National Instruments.[40]
"October 3, 2023",,,KSS,Kohl's,Market capitalization change.[41]
"October 2, 2023",VSTS,Vestis,,,S&P MidCap 400 constituent Aramark spun off Vestis.[41]
"September 29, 2023",CIVI,Civitas Resources,SYNH,Syneos Health,Elliott Investment Management acquired Syneos Health.[42]
"September 18, 2023",RBC,RBC Bearings,HE,Hawaiian Electric Industries,Market capitalization change.[43]
"September 18, 2023",FNF,Fidelity National Financial,FL,Foot Locker,Market capitalization change.[43]
"September 18, 2023",WFRD,Weatherford International,JBLU,JetBlue,Market capitalization change.[43]
"September 18, 2023",ST,Sensata Technologies,TRIP,Tripadvisor,Market capitalization change.[43]
"September 18, 2023",MTN,Vail Resorts,HIW,Highwoods Properties,Market capitalization change.[43]
"September 18, 2023",VST,Vistra Corp,XRX,Xerox,Market capitalization change.[43]
"September 18, 2023",ALLY,Ally Financial,ENR,Energizer,Market capitalization change.[43]
"September 18, 2023",MORN,"Morningstar, Inc.",CATY,Cathay Bank,Market capitalization change.[43]
"September 18, 2023",GDDY,GoDaddy,SXT,Sensient Technologies,Market capitalization change.[43]
"September 18, 2023",GLPI,Gaming and Leisure Properties,PZZA,Papa John's,Market capitalization change.[43]
"September 18, 2023",PR,Permian Resources,OMCL,Omnicell,Market capitalization change.[43]
"August 22, 2023",DLB,Dolby,STAA,STAAR Surgical,Market capitalization change.[44]
"August 21, 2023",CHK,Chesapeake Energy,MRCY,Mercury Systems,Market capitalization change.[45]
"August 8, 2023",ERIE,Erie Indemnity,PDCE,PDC Energy,S&P 500 & 100 constituent Chevron Corp. acquired PDC Energy.[46]
"August 4, 2023",PAG,Penske Automotive,UNVR,Univar Solutions,Apollo Global Management acquired Univar Solutions.[46]
"July 24, 2023",ELS,Equity Lifestyle Properties,LSI,Life Storage,S&P 500 constituent Extra Space Storage acquired Life Storage.[47]
"June 19, 2023",WCC,WESCO International,NAVI,Navient,Market capitalization change.[48]
"June 19, 2023",ZI,ZoomInfo,SITM,SiTime,Market capitalization change.[48]
"June 19, 2023",OVV,Ovintiv,MAC,Macerich,Market capitalization change.[48]
"June 19, 2023",GPK,Graphic Packaging,VSCO,Victoria's Secret,Market capitalization change.[48]
"June 19, 2023",DBX,Dropbox,DEI,Douglas Emmett,Market capitalization change.[48]
"June 19, 2023",CCK,Crown Holdings,FULT,Fulton Financial Corporation,Market capitalization change.[48]
"June 19, 2023",PLNT,Planet Fitness,NGVT,Ingevity Corp.,Market capitalization change.[48]
"June 19, 2023",BWXT,BWX Technologies,SPWR,SunPower,Market capitalization change.[48]
"June 19, 2023",BERY,Berry Global,WLY,John Wiley & Sons,Market capitalization change.[48]
"June 19, 2023",DOCS,Doximity,DAN,Dana Incorporated,Market capitalization change.[48]
"June 1, 2023",KNF,Knife River Corp.,BOH,Bank of Hawaii,S&P MidCap 400 constituent MDU Resources Group Inc. (NYSE:MDU) spun off Knife River Corp. Bank of Hawaii moved due to market capitalization change.[49]
"May 4, 2023",STAG,STAG Industrial,AXON,Axon Enterprise,Market capitalization change.[50]
"April 5, 2023",,,PACW,PacWest Bancorp,Market capitalization change.[51]
"April 4, 2023",CR,Crane (new),,,"S&P MidCap 400 constituent Crane Holdings Co. (NYSE:CR) spun off new Crane. Following the spin-off, the parent Crane Holdings Co. will have a name change to Crane NXT Co., a symbol change to CXT, and will remain in the S&P MidCap 400.[51]"
"March 22, 2023",EXPO,Exponent,IAA,"IAA, Inc.",Ritchie Bros. Auctioneers acquired IAA.[52]
"March 20, 2023",AXTA,Axalta,SLG,SL Green Realty,Market capitalization change.[53]
"March 20, 2023",VAL,Valaris,FICO,Fair Isaac,Market capitalization change.[53]
"March 20, 2023",ALV,Autoliv,CBRL,Cracker Barrel,Market capitalization change.[53]
"March 20, 2023",STWD,Starwood Property Trust,VSAT,Viasat,Market capitalization change.[53]
"March 20, 2023",SSB,South State Bank,WAFD,"WaFd, Inc.",Market capitalization change.[53]
"March 20, 2023",CHRD,Chord Energy,DY,Dycom Industries,Market capitalization change.[53]
"March 20, 2023",WMS,Advanced Drainage Systems,KMT,Kennametal,Market capitalization change.[53]
"March 20, 2023",HGV,Hilton Grand Vacations,JBGS,JBG Smith,Market capitalization change.[53]
"March 20, 2023",HTZ,Hertz,PEB,Pebblebrook Hotel Trust,Market capitalization change.[53]
"March 20, 2023",ARMK,Aramark,HBI,Hanesbrands,Market capitalization change.[53]
"March 20, 2023",USFD,US Foods,TNDM,Tandem Diabetes Care,Market capitalization change.[53]
"March 1, 2023",COLB,Columbia Banking System,UMPQ,Umpqua Bank,Columbia Banking System acquired Umpqua Bank.[54]
"February 23, 2023",UFPI,UFP Industries,LHCG,LHC Group,S&P 500 constituent UnitedHealth Group acquired LHC Group.[55]
"February 6, 2023",ADC,Agree Realty,STOR,Store Capital,Store Capital was acquired by GIC and Oak Street Capital.[56]
"January 5, 2023",VNO,Vornado Realty Trust,RXO,RXO,Market capitalization change.[57]
"December 22, 2022",SMCI,Supermicro,STLD,Steel Dynamics,Market capitalization change.[58]
"December 19, 2022",FBIN,Fortune Brands Innovations,FSLR,First Solar,Market capitalization change.[59]
"December 19, 2022",ALGM,Allegro Microsystems,SMTC,Semtech,Market capitalization change.[60]
"December 19, 2022",CUBE,CubeSmart,NUVA,NuVasive,Market capitalization change.[60]
"December 1, 2022",PBF,PBF Energy,NUS,Nu Skin Enterprises,Market capitalization change.[61]
"December 1, 2022",NXST,Nexstar Media Group,SABR,Sabre,Market capitalization change.[61]
"November 2, 2022",,,BFH,Bread Financial,Market capitalization change.[62]
"November 1, 2022",RXO,RXO,,,"S&P MidCap 400 constituent XPO, Inc. spun off RXO.[62]"
"October 20, 2022",AR,Antero Resources,Y,Alleghany,S&P 500 constituent Berkshire Hathaway acquired Alleghany.[63]
"October 18, 2022",WLK,Westlake,MLKN,MillerKnoll,Market capitalization change.[64]
"October 12, 2022",LNTH,Lantheus Holdings,TRGP,Targa Resources,Market capitalization change.[65]
"October 3, 2022",FYBR,Frontier Communications,HAIN,Hain Celestial Group,Market capitalization change.[66]
"October 3, 2022",EXLS,EXL Service,EQT,EQT Corporation,Market capitalization change.[67]
"September 19, 2022",PVH,PVH Corp.,HPP,Hudson Pacific Properties,Market capitalization change.[68]
"September 19, 2022",PENN,Penn Entertainment,MCY,Mercury General,Market capitalization change.[68]
"September 19, 2022",DT,Dynatrace,AEO,American Eagle Outfitters,Market capitalization change.[68]
"September 19, 2022",NLY,Annaly Capital Management,MTX,Minerals Technologies,Market capitalization change.[68]
"August 17, 2022",MTSI,MACOM Technology Solutions,SAIL,SailPoint Technologies,Thoma Bravo acquired SailPoint Technologies Holdings.[69]
"August 10, 2022",CELH,Celsius Holdings,ACC,American Campus Communities,Blackstone Inc. acquired American Campus Communities.[70]
"July 27, 2022",MP,MP Materials,SAFM,Sanderson Farms,Cargill and Continental Grain Co. acquired Sanderson Farms.[71]
"July 26, 2022",NOVT,Novanta,SIX,Six Flags,Market capitalization change.[72]
"July 21, 2022",HTA,Healthcare Trust of America,HR,Healthcare Realty Trust,"Healthcare Trust of America acquired Healthcare Realty Trust. Post-merger, Healthcare Trust of America changed its name and symbol to Healthcare Realty Trust Inc. (NYSE: HR).[73]"
"July 20, 2022",COKE,Coca-Cola Consolidated,PSB,PS Business Parks,Blackstone Inc. acquired PS Business Parks.[73]
"July 7, 2022",ORA,Ormat Technologies,CCMP,CMC Materials,Entegris acquired CMC Materials.[74]
"July 6, 2022",SWN,Southwestern Energy,CDK,CDK Global,Brookfield Business Partners acquired CDK Global in a tender offer.[74]
"July 5, 2022",OMCL,Omnicell,COHR,Coherent,S&P MidCap 400 constituent II-VI Inc. acquired Coherent.[74]
"June 29, 2022",POR,Portland General Electric,APPS,Digital Turbine,Market capitalization change.[75]
"June 21, 2022",UA/UAA,Under Armour,TRN,Trinity Industries,Market capitalization change.[76]
"June 21, 2022",IPGP,IPG Photonics,YELP,Yelp,Market capitalization change.[76]
"June 21, 2022",SHC,Sotera Health,URBN,Urban Outfitters,Market capitalization change.[76]
"June 21, 2022",SWAV,Shockwave Medical,RAMP,LiveRamp,Market capitalization change.[76]
"May 19, 2022",IRT,IRT Living,MIME,Mimecast,Permira Holdings Ltd. acquired Mimecast.[77]
"May 3, 2022",NARI,Inari Medical,TPH,Tri Pointe Homes,Market capitalization change.[78]
"April 6, 2022",,,PRG,PROG Holdings,Market capitalization change.[79]
"April 5, 2022",ESAB,ESAB,,,S&P MidCap 400 constituent Colfax Corp. spun off ESAB.[79]
"April 4, 2022",MTDR,Matador Resources,CPT,Camden,Market capitalization change.[80]
"March 30, 2022",GTLS,Chart Industries,CONE,CyrusOne,Global Infrastructure Partners acquired CyrusOne.[81]
"March 14, 2022",BRBR,BellRing Brands,CRNC,Cerence,Market capitalization change.[82]
"March 2, 2022",RRC,Range Resources,MOH,Molina Healthcare,Market capitalization change.[83]
"February 18, 2022",ONB,Old National,UE,Urban Edge Properties,Market capitalization change.[84]
"February 15, 2022",PDCE,PDC Energy,NDSN,Nordson,Market capitalization change.[85]
"February 3, 2022",GPS,Gap,JACK,Jack in the Box,Market capitalization change.[86]
"February 1, 2022",EEFT,Euronet Worldwide,CMP,Compass Minerals,Market capitalization change.[86]
"February 1, 2022",WTS,Watts Water Technologies,STL,Sterling Bancorp,Webster Bank acquired Sterling Bancorp.[86]
"January 4, 2022",CALX,Calix,CIT,CIT Group,First Citizens BancShares acquired CIT Group.[87]
"December 28, 2021",VOYA,Voya Financial,COR,CoreSite,S&P 500/100 constituent American Tower acquired CoreSite Realty.[88]
"December 20, 2021",AA,Alcoa,HRC,Hillrom,S&P 500 constituent Baxter International acquired Hill-Rom.[89]
"December 20, 2021",LEG,Leggett & Platt,SBNY,Signature Bank,Market capitalization change.[90]
"December 20, 2021",HBI,Hanesbrands,SEDG,SolarEdge,Market capitalization change.[90]
"December 20, 2021",WU,Western Union,FDS,FactSet,Market capitalization change.[90]
"December 20, 2021",M,Macy's,TR,Tootsie Roll,Market capitalization change.[90]
"December 20, 2021",VICR,Vicor,TDS,Telephone and Data Systems,Market capitalization change.[90]
"December 20, 2021",POWI,Power Integrations,NKTR,Nektar Therapeutics,Market capitalization change.[90]
"December 2, 2021",BRKR,Bruker,KAR,KAR Auction Services,Market capitalization change.[91]
"November 30, 2021",SITM,SiTime,EBS,Emergent BioSolutions,Market capitalization change.[92]
"November 5, 2021",KD,Kyndryl,NTCT,NetScout Systems,S&P 500 and 100 constituent IBM spun off Kyndryl Holdings.[93]
"October 22, 2021",KRG,Kite Realty Group Trust,TREE,LendingTree,Market capitalization change.[94]
"October 5, 2021",SPWR,SunPower,XEC,Cimarex Energy,S&P 500 constituent Cabot Oil & Gas acquired Cimarex Energy.[95]
"September 20, 2021",UNM,Unum,CDAY,Ceridian,Market capitalization change.[96]
"September 20, 2021",NOV,NOV Inc.,BRO,Brown & Brown,Market capitalization change.[96]
"September 20, 2021",PRGO,Perrigo,WW,WW International,Market capitalization change.[96]
"September 20, 2021",TNDM,Tandem Diabetes Care,HCSG,Healthcare Services Group,Market capitalization change.[96]
"September 7, 2021",APPS,Digital Turbine,LGND,Ligand Pharmaceuticals,Market capitalization change.[97]
"September 3, 2021",PFGC,Performance Food Group,THS,TreeHouse Foods,Market capitalization change.[97]
"August 30, 2021",SAIA,Saia,TECH,Bio-Techne,Market capitalization change.[98]
"August 30, 2021",MIME,Mimecast,CNK,Cinemark Holdings,Market capitalization change.[98]
"August 30, 2021",OPCH,Option Care Health,TRMK,Trustmark Corporation,Market capitalization change.[98]
"August 4, 2021",VSCO,Victoria's Secret,INT,World Fuel Services,S&P 500 constituent L Brands spun off Victoria's Secret.[99]
"August 4, 2021",GME,GameStop,WRI,Weingarten Realty,S&P 500 constituent Kimco Realty acquired Weingarten Realty.[99]
"August 3, 2021",,,STRA,"Strategic Education, Inc.",Market capitalization change.[99]
"August 2, 2021",GXO,GXO Logistics,,,"Spun off from XPO, Inc.[99]"
"July 7, 2021",CRNC,Cerence,ATGE,Adtalem Global Education,Market capitalization change.[100]
"July 2, 2021",DTM,DT Midstream,PRAH,PRA Health Sciences,ICON plc acquired PRA Health Sciences.[101]
"June 15, 2021",ELY,Callaway Golf,GRUB,Grubhub,Just Eat Takeaway.com NV acquired GrubHub.[102]
"June 9, 2021",TRGP,Targa Resources,CLGX,CoreLogic,Stone Point Capital and Insight Partners acquired CoreLogic.[103]
"June 9, 2021",ENV,Envestnet,TCF,TCF Financial Corporation,S&P 500 constituent Huntington Bancshares acquired TCF Financial Corporation.[103]
"June 4, 2021",HFC,HollyFrontier,SVC,Service Properties Trust,Market capitalization change.[104]
"June 2, 2021",CROX,Crocs,CMD,Cantel Medical Corporation,S&P 500 constituent STERIS plc acquired Cantel Medical.[105]
"May 17, 2021",AZPN,Aspen Technology,AVNS,Avanos Medical,Market capitalization change.[106]
"May 14, 2021",NSA,National Storage Affiliates Trust,CRL,Charles River Laboratories,Charles River Laboratories replaced FLIR Systems in the S&P 500.[106]
"May 7, 2021",RCM,R1 RCM,PRSP,Perspecta Inc.,Veritas Capital acquired Perspecta.[107]
"May 3, 2021",G,Genpact,GNW,Genworth Financial,Market capitalization change.[108]
"April 20, 2021",LSCC,Lattice Semiconductor,PTC,PTC Inc.,PTC replaced Varian Medical Systems in the S&P 500.[109]
"April 20, 2021",PGNY,Progyny Inc.,UFS,Domtar,Market capitalization change.[109]
"April 12, 2021",NVST,Envista Holdings,IDCC,InterDigital,Market capitalization change.[110]
"March 30, 2021",NBIX,Neurocrine Biosciences,OI,O-I Glass,Market capitalization change.[111]
"March 22, 2021",FLS,Flowserve,EPC,Edgewell Personal Care,Market capitalization change.[112]
"March 22, 2021",SLG,SL Green Realty,PENN,Penn National Gaming,Market capitalization change.[112]
"March 22, 2021",XRX,Xerox,GNRC,Generac Holdings,Market capitalization change.[112]
"March 22, 2021",VNT,Vontier,CZR,Caesars Entertainment,Market capitalization change.[112]
"March 1, 2021",CLF,Cleveland-Cliffs,EV,Eaton Vance,S&P 500/100 constituent Morgan Stanley acquired Eaton Vance.[113]
"February 16, 2021",AMKR,Amkor Technology,HNI,HNI Corporation,Market capitalization change.[114]
"February 12, 2021",IRDM,Iridium Communications,MPWR,Monolithic Power Systems,Monolithic Power Systems replaced TechnipFMC in the S&P 500.[115]
"January 29, 2021",STAA,STAAR Surgical,PBH,Prestige Brands,Market capitalization change.[116]
"January 21, 2021",YETI,Yeti Holdings,TRMB,Trimble Inc.,Trimble Inc. replaced Concho Resources in the S&P 500.[117]
"January 7, 2021",CPRI,Capri Holdings,ENPH,Enphase Energy,Market capitalization change.[118]
"January 7, 2021",BRKS,Brooks Automation,WPX,WPX Energy,S&P 500 constituent Devon Energy acquired WPX Energy.[118]
"December 29, 2020",KNSL,Kinsale Capital Group,TCO,Taubman Centers,S&P 500/100 constituent Simon Property Group acquired Taubman Centers.[119]
"December 21, 2020",AIRC,Apartment Income REIT,DNKN,Dunkin' Brands,Inspire Brands acquired Dunkin' Brands Group.[120]
"December 2, 2020",,,AMCX,AMC Networks,Market capitalization change.[121]
"December 1, 2020",CNXC,Concentrix,,,S&P MidCap 400 constituent SYNNEX Corp. spun off Concentrix.[121]
"November 13, 2020",MTG,MGIC Investment Corporation,GEO,GEO Group,Market capitalization change.[122]
"November 13, 2020",HALO,Halozyme,MD,Mednax,Market capitalization change.[122]
"October 7, 2020",NEOG,Neogen,POOL,Pool Corporation,Market capitalization change.[123]
"October 7, 2020",SSD,Simpson Manufacturing,DLPH,Delphi Technologies,S&P 500 constituent BorgWarner acquired Delphi Technologies.[123]
"October 5, 2020",SAIL,SailPoint Technologies,SBH,Sally Beauty Holdings,Market capitalization change.[124]
"September 21, 2020",HRB,H&R Block,ETSY,Etsy,Market capitalization change.[125]
"September 21, 2020",COTY,Coty,TER,Teradyne,Market capitalization change.[125]
"September 21, 2020",KSS,Kohl's,CTLT,Catalent,Market capitalization change.[125]
"September 21, 2020",JAZZ,Jazz Pharmaceuticals,RIG,Transocean,Market capitalization change.[125]
"September 21, 2020",WING,Wingstop,PBF,PBF Energy,Market capitalization change.[125]
"September 21, 2020",MEDP,Medpace,ATI,Allegheny Technologies,Market capitalization change.[125]
"September 21, 2020",FOXF,Fox Factory,CLI,Mack-Cali Realty,Market capitalization change.[125]
"September 1, 2020",LAD,Lithia Motors,LOGM,LogMeIn,Francisco Partners and Elliott Management acquired LogMeIn.[126]
"August 17, 2020",BLDR,Builders FirstSource,CXW,CoreCivic,Market capitalization change.[127]
"August 3, 2020",RUN,Sunrun,LM,Legg Mason,S&P 500 constituent Franklin Resources acquired Legg Mason.[128]
"August 3, 2020",IAA,"IAA, Inc.",DLX,Deluxe Corporation,Market capitalization change.[128]
"August 3, 2020",REXR,Rexford Industrial Realty,CRS,Carpenter Technology,Market capitalization change.[128]
"July 24, 2020",EBS,Emergent BioSolutions,CZR,Caesars Entertainment,S&P MidCap 400 constituent Eldorado Resorts (NASD:ERI) acquired Caesars Entertainment.[129]
"June 30, 2020",BLD,TopBuild Corp.,TECD,Tech Data,Apollo Global Management acquired Tech Data.[130]
"June 25, 2020",GO,Grocery Outlet,EAT,Brinker International,Market capitalization change.[131]
"June 22, 2020",ADS,Alliance Data Systems,TDY,Teledyne Technologies,Market capitalization changes[132]
"June 22, 2020",JWN,Nordstrom,BIO,Bio-Rad Laboratories,Market capitalization changes[132]
"June 22, 2020",HOG,Harley-Davidson,TYL,Tyler Technologies,Market capitalization changes[132]
"June 22, 2020",MIDD,Middleby Corporation,DDS,Dillard's Inc,Market capitalization changes[132]
"June 22, 2020",QDEL,Quidel Corp,DNOW,DNOW Inc.,Market capitalization changes[132]
"June 22, 2020",HXL,Hexcel,CAKE,Cheesecake Factory,Market capitalization changes[132]
"June 22, 2020",UNVR,Univar Solutions,REZI,Resideo Technologies,Market capitalization changes[132]
"June 22, 2020",STRA,Strategic Education,BBBY,Bed Bath & Beyond,Market capitalization changes[132]
"June 22, 2020",QLYS,Qualys Inc,MTDR,Matador Resources,Market capitalization changes[132]
"June 22, 2020",GBCI,Glacier Bancorp,MDRX,Allscripts Healthcare Solutions,Market capitalization changes[132]
"May 27, 2020",HPP,Hudson Pacific Properties,DHC,Diversified Healthcare Trust,Hudson Pacific Properties Inc. (NYSE:HPP) replaced Diversified Healthcare Trust (NASD:DHC).[133]
"May 26, 2020",ESNT,Essent Group Ltd,PTEN,Patterson-UTI Energy,Essent Group Ltd. (NYSE:ESNT) replaced Patterson-UTI Energy Inc. (NASD:PTEN).[134]
"May 18, 2020",DOC,Physicians Realty Trust,WST,West Pharmaceutical Services,Physicians Realty Trust replaced West Pharmaceutical Services.[135]
"May 6, 2020",STOR,Store Capital,DPZ,Domino's Pizza,STORE Capital Corp. (NYSE:STOR) replaced Domino's Pizza.[136]
"April 27, 2020",ENPH,Enphase Energy,CLB,Core Laboratories,S&P 400 to S&P 600 moves[137]
"April 27, 2020",PCTY,Paylocity Holding,MDP,Meredith Corp,S&P 400 to S&P 600 moves[137]
"April 13, 2020",LHCG,LHC Group,CY,Cypress Semiconductor,S&P SmallCap 600 constituent LHC Group Inc. (NASD: LHCG) replaced Cypress Semiconductor Corp. (NASD: CY).[138]
"February 27, 2020",XEC,Cimarex Energy,CHK,Chesapeake Energy,Market capitalization change.[139]
"February 7, 2020",GNRC,Generac Holdings,ALEX,Alexander & Baldwin,Generac Holdings Inc. (NYSE:GNRC) replaced Alexander & Baldwin Inc. (NYSE:ALEX).[140]
"January 31, 2020",TMHC,Taylor Morrison Home Corp,GDOT,Green Dot Corp,Taylor Morrison Home Corp. (NYSE: TMHC) replaced Green Dot Corp. (NYSE: GDOT).[141]
"January 29, 2020",DAR,Darling Ingredients,LPT,Liberty Property Trust,S&P SmallCap 600 constituent Darling Ingredients Inc. (NYSE: DAR) replaced Liberty Property Trust (NYSE: LPT).[142]
"January 21, 2020",CIT,CIT Group,SKT,Tanger Factory Outlet Centers,"CIT Group Inc. (NYSE:CIT) replaced Tanger Factory Outlet Centers, Inc. (NYSE:SKT).[143]"
"December 26, 2019",RH,RH,GWR,Genesee & Wyoming,S&P SmallCap 600 constituent RH (NYSE: RH) replaced Genesee & Wyoming Inc. (NYSE: GWR).[144]
"December 17, 2019",COLM,Columbia Sportswear,UNIT,Uniti Group,Columbia Sportswear Company (NASD: COLM) replaced Uniti Group Inc. (NASD: UNIT).[145]
"December 13, 2019",AMG,Affiliated Managers Group,LYV,Live Nation Entertainment,Market capitalization changes.[146]
"December 13, 2019",TRIP,TripAdvisor,ZBRA,Zebra Technologies,Market capitalization changes.[146]
"December 13, 2019",MAC,Macerich Co.,STE,STERIS plc,Market capitalization changes.[146]
"December 13, 2019",LOPE,Grand Canyon Education,OAS,Oasis Petroleum,Market capitalization changes.[146]
"December 13, 2019",LEA,Lear Corp,SWN,Southwestern Energy,Market capitalization changes.[146]
"December 13, 2019",ARWR,Arrowhead Pharmaceuticals,GVA,Granite Construction,Market capitalization changes.[146]
"December 10, 2019",CHH,Choice Hotels,PLT,Plantronics,Choice Hotels International Inc. (NYSE: CHH) replaced Plantronics Inc. (NYSE: PLT).[147]
"December 2, 2019",CCMP,Cabot Microelectronics,ODFL,Old Dominion Freight Line,S&P SmallCap 600 constituent Cabot Microelectronics Corp. (NASD: CCMP) replaced Old Dominion Freight Line.[148]
"November 27, 2019",RLI,RLI Corp.,WRB,W.R. Berkley,S&P SmallCap 600 constituent RLI Corp. (NYSE:RLI) replaced W.R. Berkley.[149]
"October 30, 2019",CDAY,Ceridian,OII,Oceaneering International,Market capitalization changes.[150]
"October 30, 2019",BJ,BJ's Wholesale Club,CVET,Covetrus,Market capitalization changes.[150]
"October 24, 2019",FCN,FTI Consulting,MDSO,Medidata Solutions,Dassault Systemes SA is acquiring Medidata Solutions in a transaction expected to be completed on or about that date pending final conditions.[151]
"October 18, 2019",SEDG,SolarEdge,ISCA,International Speedway,NASCAR Holdings Inc. acquired International Speedway.[152]
"October 8, 2019",MRCY,Mercury Systems,VSM,Versum Materials,Merck KGaAis acquiring Versum Materialsin a deal expected to be completed on or about that date pending final conditions.[153]
"October 3, 2019",NKTR,Nektar Therapeutics,BID,Sotheby's,Market capitalization change.[154]
"September 26, 2019",JEF,Jefferies Financial Group,NVR,NVR,Market capitalization changes.[155]
"September 26, 2019",IIVI,II-VI,CPE,Callon Petroleum,Market capitalization changes.[155]
"September 18, 2019",PK,Park Hotels & Resorts,INGN,Inogen,Market capitalization changes.[156]
"September 23, 2019",SIGI,Selective Insurance Group Inc.,SIG,Signet Jewelers Ltd,Market capitalization changes[157]
"September 23, 2019",RGEN,Repligen,RRC,Range Resources Corp,Market capitalization changes[157]
"September 23, 2019",FCFS,FirstCash,TUP,Tupperware Brands Corp,Market capitalization changes[157]
"September 23, 2019",ETSY,Etsy,MIK,The Michaels Companies,Market capitalization changes[157]
"September 23, 2019",PPC,Pilgrim's Pride,QEP,QEP Resources,Market capitalization changes[157]
"September 23, 2019",KAR,KAR Auction Services,VAL,Valaris Limited,Market capitalization changes[157]
"September 23, 2019",AM,Antero Midstream,MDR,McDermott International,Market capitalization changes[157]
"September 23, 2019",OC,Owens Corning,CARS,Cars.com,Market capitalization changes[157]
"September 23, 2019",PEN,"Penumbra, Inc.",MNK,Mallinckrodt,Market capitalization changes[157]
"August 9, 2019[158]",GRUB,Grubhub,LDOS,Leidos Holdings,Market capitalization
"August 9, 2019[158]",FL,Foot Locker,IEX,IDEX Corp.,Market capitalization
"August 1, 2019",TTEK,Tetra Tech,CHFC,Chemical Financial,Chemical Financial Corp. (NASD: CHFC) acquired TCF Financial Corporation and was renamed TCF Financial Corporation[159]
"July 9, 2019",SRC,Spirit Realty,SM,SM Energy,Market capitalization[160]
"July 1, 2019",AAXN,Axon Enterprise,MKTX,MarketAxess,MarketAxess Holdings Inc. (NASD:MKTX) will replace L3 Technologies Inc. (NYSE:LLL) in the S&P 500.[161]
"June 7, 2019",MAT,Mattel,BMS,Bemis Company,Amcor Limited (ASX: AMC) is merging with Bemis.[162]
"June 4, 2019",FLR,Fluor,RLGY,Realogy,Fluor has a market capitalization more representative of the mid-cap market space.[163]
"May 7, 2019",EGP,EastGroup Properties,ULTI,Ultimate Software Group,Hellman & Friedman acquired Ultimate Software Group.[164]
"April 11, 2019[165]",SMTC,Semtech,ARRS,Arris International,CommScope Holding Company Inc.(NASD:COMM) acquired ARRIS International.
"April 11, 2019[165]",PSB,PS Business Parks,RDC,Rowan Companies,S&P MidCap 400 constituent Ensco plc (NYSE:ESV) is acquiring Rowan Companies.
"April 3, 2019",BHF,Brighthouse Financial,PBI,Pitney Bowes,Pitney Bowes will replace Carbo Ceramics Inc. (NYSE:CRR) in the S&P SmallCap 600.[166]
"April 1, 2019",TREX,"Trex Company, Inc.",IDTI,Integrated Device Technology,Renesas Electronics Corp. acquired Integrated Device Technology.[166]
"March 22, 2019",FFIN,First Financial,MBFI,MB Financial,Fifth Third Bancorp (NASD: FITB) is acquiring MB Financial.[167]
"March 18, 2019[168]",CFX,Colfax,BIG,Big Lots,Colfax Corp. (NYSE:CFX) will replace and Big Lots Inc. (NYSE:BIG) in the S&P MidCap 400.
"March 18, 2019[168]",NGVT,Ingevity,ESL,Esterline Technologies,TransDigm Group Inc. (NYSE:TDG) is acquiring Esterline Technologies.
"March 18, 2019[168]",XPO,"XPO, Inc.",DO,Diamond Offshore Drilling,Diamond Offshore Drilling will replace Maiden Holding Ltd. (NASD:MHLD) in the S&P SmallCap 600.
"February 27, 2019[169]",GT,Goodyear Tire & Rubber,WAB,Wabtec,The Goodyear Tire & Rubber will replace Wabtec in the S&P MidCap 400.
"February 21, 2019",AMED,Amedisys,AHL,Aspen Insurance Holdings,Apollo Global Management (NYSE: APO) is acquiring Aspen Insurance Holdings.[170]
"February 11, 2019",CVET,Covetrus,DNB,Dun & Bradstreet Corp,Cannae Holdings Inc. (CNNE) is acquiring Dun & Bradstreet.[171]
"February 6, 2019",BRX,Brixmor Property Group,VVC,Vectren,CenterPoint Energy Inc. (NYSE:CNP)is acquiring Vectren.[172]
"February 4, 2019",CZR,Caesars Entertainment,DRQ,Dril-Quip,Dril-Quip will replace Essendant Inc. (NASD:ESND) in the S&P SmallCap 600.[173]
"January 18, 2019",GDOT,Green Dot,TFX,Teleflex,TeleflexInc.(NYSE:TFX) will replace PG&E Corp.(NYSE:PCG) in the S&P 500.[174]
"December 12, 2018",YELP,Yelp,GPOR,Gulfport Energy Corp,Gulfport Energy Corp.(NASD:GPOR) will replace OclaroInc. (NASD: OCLR) in the S&P SmallCap 600.[175]
"December 10, 2018",OLED,Universal Display,NBR,Nabors Industries,Nabors Industries Ltd. (NYSE: NBR) will replace Sonic Corp. (NASD: SONC) in the S&P SmallCap 600.[176]
"December 3, 2018[177]",PEB,Pebblebrook Hotel Trust,LHO,LaSalle Hotel Properties,Pebblebrook Hotel Trust is acquiring LaSalle Hotel Properties.
"December 3, 2018[177]",SRCL,Stericycle,EGN,Energen,Stericycle replaced Energen Corp. (NYSE:EGN) in the S&P MidCap 400.
"December 3, 2018[177]",CACI,CACI International,LW,Lamb Weston Holdings,CACI International Inc. replaced Lamb Weston Holdings in the S&P MidCap 400.
"November 14, 2018",,,SPN,Superior Energy Services,Superior Energy Services Inc. (NYSE: SPN) was removed from the S&P MidCap 400 and added to the S&P SmallCap 600.[178]
"November 13, 2018[178]",LGND,Ligand Pharmaceuticals,KEYS,Keysight Technologies,Keysight replaced CA Inc. in the S&P 500.
"November 13, 2018[178]",EQT,EQT Corporation,JKHY,Jack Henry & Associates,EQT replaced Jack Henry & Associates in the S&P MidCap 400.
"November 13, 2018[178]",ETRN,Equitrans Midstream,,,Equitrans Midstream Corp. was added to the S&P MidCap 400.
"November 12, 2018",MTZ,MasTec,UNFI,United Natural Foods,United Natural Foods will replace MiMedx Group Inc. (NASD: MDXG) in the S&P SmallCap 600.[179]
"November 6, 2018",NSP,Insperity,LPNT,LifePoint Health Inc.,Insperity will replace LifePointHealth Inc.[180]
"October 11, 2018",ASGN,ASGN Inc.,FTNT,Fortinet,Fortinet replaced Envision Healthcare Corp. in the S&P 500.[181]
"October 10, 2018",PENN,Penn National Gaming,CVG,Convergys,S&P MidCap 400 constituent SYNNEX Corporation acquired Convergys.[181]
"September 20, 2018",RLGY,Realogy,EDR,Education Realty Trust,Greystar Real Estate Partners acquired Education Realty Trust.[182]
"September 18, 2018",WTW,Weight Watchers,KLXI,KLX Inc.,S&P 500 constituent Boeing acquired KLX.[183]
"September 17, 2018",HQY,HealthEquity,WCG,WellCare,"WellCare Health Plans, Inc. replaced XL Group (NYSE: XL) in the S&P 500.[184]"
"September 4, 2018",VAC,Marriott Vacations Worldwide,ILG,"ILG, Inc.",Marriott Vacations Worldwide acquired ILG.[185]
"August 22, 2018",ADNT,Adient,DCT,DCT Industrial Trust,S&P 500 constituent ProLogis Inc. acquired DCT Industrial Trust.[186]
"August 20, 2018",ERI,Eldorado Resorts,PAY,VeriFone,Francisco Partners acquired VeriFone Systems.[186]
"August 1, 2018",WWE,World Wrestling Entertainment,QCP,Quality Care Properties,S&P 500 constituent Welltower Inc. (NYSE:WELL) acquired Quality Care Properties.[187]
"July 11, 2018",VC,Visteon,WGL,WGL Holdings,AltaGas Ltd. (TSX:ALA) acquired WGL Holdings.[188]
"July 2, 2018",EXEL,Exelixis,CPRT,Copart,Copart replaced Dr Pepper Snapple Group Inc. (NYSE: DPS) in the S&P 500.[189]
"June 18, 2018",AYI,Acuity Brands,HFC,HollyFrontier,Market capitalization changes[190]
"June 18, 2018",RRC,Range Resources,BR,Broadridge Financial Solutions,Market capitalization changes[190]
"June 18, 2018",CHE,Chemed Corp.,ENDP,Endo International,Market capitalization changes[190]
"June 18, 2018",HAE,Haemonetics,CTB,Cooper Tire & Rubber Co.,Market capitalization changes[190]
"June 11, 2018",OLLI,Ollie's Bargain Outlet,OA,Orbital ATK,S&P 500 constituent Northrop Grumman Corp. (NYSE: NOC) acquired Orbital ATK.[191]
"June 5, 2018",NAVI,Navient Corp.,WR,Westar Energy (renamed Evergy),Navient had a market capitalization closer to the mid-cap market space.[192]
"June 5, 2018",IART,Integra LifeSciences,GXP,Great Plains Energy,Westar Energy acquired Great Plains Energy which moved the combined company to the S&P 500.[192]
"May 31, 2018",WYND,Wyndham Destinations,MSCC,Microsemi,S&P 500 constituent Microchip Technology Inc. (NASD:MCHP) acquired Microsemi.[193]
"May 31, 2018",PRAH,PRA Health Sciences,ABMD,Abiomed,ABIOMED Inc. replaced Wyndham Worldwide Corp. (NYSE:WYN) in the S&P 500.[193]
"May 10, 2018",APY,Apergy Corp.,DDD,3D Systems,S&P 500 constituent Dover Corp. (NYSE: DOV) spun off Apergy.[194]
"May 10, 2018",MDR,McDermott International,DBD,Diebold Nixdorf,McDermott International merged with Chicago Bridge & Iron Company N.V. (NYSE: CBI).[195]
"May 2, 2018",NVT,nVent Electric,KN,Knowles Corp,S&P 500 constituent Pentair plc (NYSE: PNR) spun off nVent Electric.[196]
"May 1, 2018",OAS,Oasis Petroleum,WPG,Washington Prime Group,Market capitalization changes[197]
"April 19, 2018",FIVE,Five Below,DST,DST Systems,SS&C Technologies Holdings Inc. (NASD: SSNC) acquired DST Systems.[198]
"April 4, 2018",LITE,Lumentum Holdings,MSCI,MSCI Inc,MSCI Inc. replaced CSRA Inc. (NYSE: CSRA) in the S&P 500.[199]
"March 26, 2018",EVR,Evercore,LNCE,Snyder's-Lance,S&P 500 constituent Campbell Soup Company (NYSE:CPB) acquired Snyder's-Lance.[200]
"March 19, 2018",SIG,Signet Jewelers,TTWO,Take-Two Interactive,Market capitalization changes[201]
"March 19, 2018",PDCO,Patterson Companies,SIVB,SVB Financial,Market capitalization changes[201]
"March 19, 2018",CHK,Chesapeake Energy,DF,Dean Foods,Market capitalization changes[201]
"March 19, 2018",CMD,Cantel Medical,AVP,Avon Products,Market capitalization changes[201]
"March 19, 2018",ICUI,ICU Medical,OMI,Owens & Minor,Market capitalization changes[201]
"March 8, 2018",TREE,LendingTree,BIVV,Bioverativ,Sanofi acquired Bioverativ.[202]
"March 7, 2018",ALE,ALLETE Inc.,IPGP,IPG Photonics,IPG Photonics Corp. replaced Scripps Networks Interactive Inc. (NASD: SNI) in the S&P 500.[202]
"February 13, 2018",BYD,Boyd Gaming,CAA,CalAtlantic Homes,S&P 500 constituent Lennar acquired CalAtlantic.[203]
"February 5, 2018",HCSG,Healthcare Services Group,BWLD,Buffalo Wild Wings,Arby's Restaurant Group acquired Buffalo Wild Wings.[204]
"January 3, 2018",SGMS,Scientific Games,HII,Huntington Ingalls,Huntington Ingalls Industries Inc. replaced C. R. Bard Inc. (NYSE:BCR) in the S&P 500.[205]
"January 2, 2018",EHC,Encompass Health Corp.,HLS,HealthSouth,S&P 400 constituent HealthSouth (NYSE: HLS) renamed Encompass Health and changed to new symbol.[206]
"January 2, 2018",IBKR,Interactive Brokers,HSNI,HSN Inc,S&P 600 constituent Interactive Brokers Group Inc. replaced Home Shopping Network Inc. (HSN) after Liberty Interactive Corp acquired HSN.[207]
"December 6, 2017",DLPH,Delphi Technologies,FTR,Frontier Communications,"S&P 500 constituent Delphi Automotive plc (NYSE: DLPH), to be renamed Aptiv plc and trade under new symbol APTV, spun off Delphi Technologies.[208]"
"November 22, 2017",MKSI,MKS Instruments,BRCD,Brocade Communications,S&P 500 constituent Broadcom Limited acquired Brocade Communications Systems.[209]
"October 2, 2017",SIX,Six Flags,PRXL,PAREXEL,Pamplona Capital Management acquired PAREXEL.[210]
"October 2, 2017",STL,Sterling Bancorp,OIS,Oil States International,Sterling Bancorp acquired Astoria Financial.[210]
"September 26, 2017",SAFM,Sanderson Farms,CAB,Cabela's,Bass Pro Shops acquired Cabela's.[211]
"September 18, 2017",ILG,"ILG, Inc.",CDNS,Cadence Design Systems,Cadence Design Systems replaced Staples Inc. in the S&P 500.[212]
"September 18, 2017",BCO,Brink's,WOOF,VCA Inc.,Mars Inc. acquired VCA.[212]
"September 18, 2017",CPE,Callon Petroleum,WBMD,WebMD,Internet Brands acquired WebMD Health.[212]
"August 17, 2017",SBRA,Sabra Health Care REIT,CCP,Care Capital Properties,Sabra Health Care REIT acquired Care Capital Properties.[213]
"August 10, 2017",COR,CoreSite Realty,NSR,Neustar,NeuStar was acquired by a private investment group led by Golden Gate Capital.[214]
"August 8, 2017",AN,AutoNation,FCN,FTI Consulting,Brighthouse Financial Inc. (NASD: BHF) replaced AutoNation in the S&P 500.[215]
"July 26, 2017",MNK,Mallinckrodt,RMD,ResMed,Market capitalization changes[216]
"July 26, 2017",MUR,Murphy Oil,PKG,Packaging Corporation of America,Market capitalization changes[216]
"July 26, 2017",BBBY,Bed Bath & Beyond,AOS,A.O. Smith,Market capitalization changes[216]
"July 26, 2017",RIG,Transocean,DRE,Duke Realty,Market capitalization changes[216]
"July 19, 2017",JBGS,JBG Smith,CHS,Chico's FAS,S&P 500 constituent Vornado Realty Trust (NYSE:VNO) spun off JBG SMITH Properties.[217]
"July 12, 2017",KNX,Knight Transportation,KATE,Kate Spade & Company,"S&P 500 constituent Coach, Inc. (NYSE:COH) acquired Kate Spade.[218]"
"July 12, 2017",CLB,Core Laboratories,PNRA,Panera Bread,JAB Holdings B.V. acquired Panera Bread.[218]
"June 29, 2017",BLKB,Blackbaud,CST,CST Brands,Alimentation Couche-Tard acquired CST Brands.[219]
"June 26, 2017",MDSO,Medidata Solutions,PVTB,PrivateBancorp,Canadian Imperial Bank of Commerce acquired PrivateBancorp.[220]
"June 19, 2017",PNFP,Pinnacle Financial Partners,RE,Everest Re,Everest Re Group Ltd replaced Mead Johnson Nutrition Co. in the S&P 500.[221]
"June 19, 2017",TDC,Teradata,ALGN,Align Technology,Market capitalization changes[222]
"June 19, 2017",R,Ryder System,ANSS,ANSYS Inc,Market capitalization changes[222]
"June 2, 2017",CARS,Cars.com,TIME,Time Inc.,TEGNA spun off Cars.com.[223]
"June 2, 2017",TGNA,"Tegna, Inc.",JCP,J. C. Penney,IHS Markit Ltd. (NASD:INFO) replaced TEGNA Inc. in the S&P 500.[223]
"June 2, 2017",MTDR,Matador Resources,WNR,Western Refining,S&P 500 constituent Tesoro Corp. (NYSE:TSO) acquired Western Refining.[224]
"June 2, 2017",HOMB,Home BancShares,VAL,Valspar,S&P 500 constituent The Sherwin-Williams Co. (NYSE:SHW) acquired Valspar.[225]
"May 16, 2017",VVV,Valvoline Inc,NE,Noble Corporation,S&P MidCap 400 constituent Ashland Global Holdings Inc. (NYSE:ASH) spun off its remaining stake in Valvoline.[226]
"April 28, 2017",PBF,PBF Energy,WDR,Waddell & Reed,Waddell & Reed Financial replaced Stillwater Mining Co. (NYSE: SWC) in the S&P SmallCap 600.[227]
"April 19, 2017",SABR,Sabre Corp,BEAV,B/E Aerospace,S&P 500 constituent Rockwell Collins Inc. (NYSE:COL) acquired B/E Aerospace.[228]
"April 12, 2017",UBSI,United Bankshares,WWAV,WhiteWave Foods,Danone SA acquired WhiteWave Foods.[229]
"April 6, 2017",ACHC,Acadia Healthcare,JOY,Joy Global,Komatsu Limited acquired Joy Global.[230]
"April 5, 2017",DNB,Dun & Bradstreet,IT,Gartner,Gartner Inc. replaced The Dun & Bradstreet Corp. in the S&P 500.[231]
"April 5, 2017",INCR,INC Research,CEB,CEB Inc.,Gartner acquired CEB.[231]
"April 4, 2017",SWN,Southwestern Energy,CSC,Computer Sciences Corp.,Computer Sciences Corp. replaced Southwestern Energy Co. in the S&P 500.[232]
"April 3, 2017",WTFC,Wintrust Financial,MENT,Mentor Graphics,Siemens Industry Inc. acquired Mentor Graphics.[231]
"March 29, 2017",TCBI,Texas Capital Bancshares,ENH,Endurance Specialty Holdings,SOMPO Holdings Inc. acquired Endurance Specialty Holdings.[233]
"March 29, 2017",MIK,The Michaels Companies,WETF,WisdomTree Investments,WisdomTree Investments moved to the S&P SmallCap 600.[233]
"March 20, 2017",URBN,Urban Outfitters,AMD,Advanced Micro Devices,Market capitalization changes[234]
"March 20, 2017",FTR,Frontier Communications,RJF,Raymond James Financial,Market capitalization changes[234]
"March 20, 2017",FSLR,First Solar,ARE,Alexandria Real Estate Equities,Market capitalization changes[234]
"March 20, 2017",TTWO,Take-Two Interactive,FOSL,Fossil Group,Market capitalization changes[234]
"March 20, 2017",MASI,Masimo,DNR,Denbury Resources,Market capitalization changes[234]
"March 20, 2017",COHR,"Coherent, Inc.",VSTO,Vista Outdoor,Market capitalization changes[234]
"March 16, 2017",GEO,GEO Group,SNPS,Synopsys,Synopsys Inc. replaced Harman International Industries Inc. (NYSE:HAR) in the S&P 500.[235]
"March 2, 2017",ENDP,Endo International,REG,Regency Centers,Regency Centers acquired Equity One. S&P MidCap 400 constituent Regency Centers Corp. (NYSE:REG) replaced Endo International plc (NASD:ENDP) in the S&P 500.[236]
"March 2, 2017",NUS,Nu Skin,EQY,Equity One,Equity One acquired by Regency Centers.[236]
"March 1, 2017",PBI,Pitney Bowes,CBOE,CBOE Holdings,"CBOE acquired Bats Global Markets Inc. (BATS:BATS). Post acquisition, CBOE Holdings Inc. (NASD:CBOE) will replace Pitney Bowes Inc. (NYSE:PBI) in the S&P 500.[236]"
"March 1, 2017",CONE,CyrusOne,CLC,CLARCOR Inc.,S&P 500 constituent Parker-Hannifin Corp. (NYSE:PH) acquired CLARCOR.[236]
"February 28, 2017",DDS,Dillard's,ISIL,Intersil,Renesas Electronics acquired Intersil.[236]
"February 13, 2017",CTB,Cooper Tire & Rubber,SCOR,comScore,NASDAQ announced that comScore will be delisted from its exchange due to non-compliance.[237]
"February 3, 2017",BIVV,Bioverativ,RH,Restoration Hardware,S&P 100 & 500 constituent Biogen Inc. (NASD: BIIB) spun off Bioverativ. RH replaced Ciber Inc. (NYSE:CBR) in the S&P SmallCap 600.[238]
"February 2, 2017",LOGM,LogMeIn,TGI,Triumph Group,"S&P 500 constituent Citrix Systems (NASD: CTXS) spun-off GetGo Inc., which was immediately acquired by LogMeIn.[238]"
"January 4, 2017",CC,Chemours,IDXX,IDEXX Laboratories,"S&P 100 & 500 constituent Abbott Laboratories (NYSE:ABT) acquired St. Jude Medical. S&P MidCap 400 constituent IDEXX Laboratories, Inc. (NASD:IDXX) replaced St. Jude Medical, Inc. (NYSE:STJ) in the S&P 500.[239]"
"December 6, 2016[240]",UMBF,UMB Financial,IM,Ingram Micro,Tianjin Tianhai Investment Company Ltd acquired Ingram Micro.
"December 6, 2016[240]",GMED,Globus Medical,TLN,Talen Energy,Riverstone Holdings LLC acquired Talen Energy.
"December 1, 2016[241]",OI,Owens-Illinois,MAA,Mid-America Apartments,OI replaces MAA. Owens-Illinois is ranked near the bottom of the S&P 500 and has a market capitalization more representative of the mid-cap market space.
"December 1, 2016[241]",PZZA,Papa John's Intl,PPS,Post Properties,"S&P SmallCap 600 constituent Papa John's International Inc. (NASD: PZZA) will replace Post Properties Inc. (NYSE: PPS) in the S&P MidCap 400, and Wingstop Inc. (NASD: WING) will replace Papa John's International in the S&P SmallCap 600. Mid-America Apartment Communities is acquiring Post Properties"
"December 1, 2016[241]",LM,Legg Mason,AMSG,AmSurg Corp,"AmSurg Corp. (NASD: AMSG) will replace Legg Mason Inc. (NYSE: LM) in the S&P 500, and Legg Mason will replace AmSurg in the S&P MidCap 400. AmSurg is acquiring Envision Healthcare Holdings Inc. (NYSE: EVHC). Post merger, AmSurg will change its name to Envision Healthcare Corporation. Legg Mason is ranked near the bottom of the S&P 500 and has a market capitalization more representative of the mid-cap market space."
"November 28, 2016",LFUS,Littelfuse,LXK,Lexmark International,Apex Technology and PAG Asia Capital acquired Lexmark International.[242]
"November 10, 2016",LW,Lamb Weston Holdings,ASNA,Ascena Retail Group,S&P 500 constituent ConAgra Foods Inc. (NYSE: CAG) spun off Lamb Weston Holdings.[243]
"November 3, 2016",HLS,HealthSouth,RAX,Rackspace,Apollo Global Management LLC acquired Rackspace Hosting.[244]
"November 1, 2016",QCP,Quality Care Properties,GES,Guess? Inc,S&P 500 constituent HCP Inc. (NYSE: HCP) is spinning off Quality Care Properties.[245]
"October 5, 2016",CUZ,Cousins Properties,CYH,Community Health Systems,Cousins Properties is acquiring Parkway Properties. Community Health Systems is ranked near the bottom of the S&P MidCap 400.[246]
"October 3, 2016",VSM,Versum Materials,ANF,Abercrombie & Fitch,S&P 500 constituent Air Products and Chemicals Inc. (NYSE: APD) is spinning off Versum Materials. Air Products and Chemicals will remain in the S&P 500 post spin-off.[247]
"September 30, 2016",DO,Diamond Offshore Drilling,PLCM,Polycom,"Siris Capital Group acquired Polycom. Coty, Inc. replaces Diamond Offshore in the S&P 500 index.[248]"
"September 27, 2016",SBH,Sally Beauty,RRD,RR Donnelley,"R.R. Donnelly & Sons is spinning off certain operations and assets. Post spin-offs, the R.R. Donnelly & Sons stub will be more representative of the small-cap market space.[247]"
"September 22, 2016[249]",NWE,NorthWestern,COO,The Cooper Companies,The Cooper Companies Inc. (NYSE: COO) replaces Starwood Hotels & Resorts Worldwide Inc. (NYSE: HOT) in the S&P 500. S&P 500 constituent Marriott International Inc. (NASD: MAR) acquires Starwood.
"September 22, 2016[249]",NUVA,NuVasive,FEIC,FEI Company,S&P 500 constituent Thermo Fisher Scientific Inc. (NYSE: TMO) acquired FEI.
"September 21, 2016",CRUS,Cirrus Logic,FCS,Fairchild Semiconductor,ON Semiconductor (NASD: ON) acquired Fairchild Semiconductor.[250]
"September 16, 2016",CAR,Avis Budget Group,STR,Questar,"S&P 500 constituent Dominion Resources, Inc. (NYSE: D) is acquiring Questar in a deal expected to be completed soon pending final approvals.[251]"
"September 2, 2016",MPWR,Monolithic Power Systems,MTD,Mettler-Toledo,S&P MidCap 400 constituent Mettler-Toledo International Inc. (NYSE: MTD) replaced Johnson Controls Inc. (NYSE: JCI) in the S&P 500. S&P 500 constituent Tyco International plc (NYSE: TYC) acquired Johnson Controls in a merger of equals.[252]
"September 1, 2016",CHFC,Chemical Financial (later TCF Financial Corporation),SVU,SuperValu,Chemical Financial acquired Talmer Bancorp.[253]
"August 26, 2016",ENS,EnerSys,DWA,DreamWorks Animation,S&P 500 constituent Comcast Corp (NASD: CMCSA) acquired DreamWorks Animation.[254]
"August 19, 2016",DY,Dycom Industries,FMER,FirstMerit,S&P 500 constituent Huntington Bancshares Inc. (NASD:HBAN) acquired FirstMerit.[255]
"July 29, 2016",MBFI,MB Financial,FNFG,First Niagara Bank,S&P 500 constituent KeyCorp acquired First Niagara Bank.[256]
"June 30, 2016",EME,Emcor,ALB,Albemarle Corporation,Emera Inc. (TSX: EMA) is acquiring TECO Energy in a deal expected to be completed on or about that date pending final conditions.[257]
"June 30, 2016",SWX,Southwest Gas,LNT,Alliant Energy,S&P 100 & 500 constituent Southern Co. (NYSE:SO) is acquiring AGL Resources.[258]
"June 24, 2016",CHDN,Churchill Downs,FBHS,Fortune Brands Home & Security,S&P MidCap 400 constituent Fortune Brands Home & Security Inc. (NYSE:FBHS) replaced Cablevision Systems Corp. (NYSE:CVC) in the S&P 500 index. Altice NV acquired Cablevision.[259]
"May 31, 2016[260]",HELE,Helen of Troy,WCN,Waste Connections,"Progressive Waste Solutions Ltd. (TSX:BIN, NYSE: BIN) and Waste Connections are merging to form a new company called Waste Connections. ""New"" Waste Connections will be considered to be domiciled in Canada for index purposes and will be ineligible for continued inclusion in the S&P MidCap 400."
"May 31, 2016[260]",BRCD,Brocade Communications,MDC,MDC Holdings,Brocade Communications Systems is acquiring Ruckus Wireless. MDC has a market capitalization more representative of the small-cap market space.
"May 27, 2016",EDR,Education Realty Trust,AJG,Arthur J. Gallagher & Co.,Coca-Cola Enterprises has merged with Coca-Cola Iberian Partners SA and Coca-Cola Erfrischungsgetrnke AG to form a new company called Coca-Cola European Partners Plc.[261]
"May 23, 2016",MPW,Medical Properties Trust,LKQ,LKQ Corp,S&P MidCap 400 constituent LKQ Corp. (NASD:LKQ) will replace Airgas Inc. (NYSE:ARG) in the S&P 500. Air Liquide SA acquired Airgas.[262]
"May 12, 2016",TXRH,Texas Roadhouse,ALK,Alaska Air Group,S&P 500 constituent Western Digital Corp. (NASD:WDC) is acquiring SanDisk Corp. in a deal expected to be completed on or about that date pending final conditions.[263]
"May 3, 2016",VSAT,ViaSat,AYI,Acuity Brands,"S&P MidCap 400 constituent Acuity Brands, Inc. (NYSE: AYI) will replace The ADT Corp. (NYSE: ADT) in the S&P 500. Apollo Global Management, LLC acquired The ADT Corp.[264]"
"April 22, 2016",GME,GameStop,GPN,Global Payments Inc,"Global Payments is acquiring Heartland Payment Systems. Post-merger, Global Payment's market capitalization will be more representative of the large cap market space. GameStop is ranked near the bottom of the S&P 500 and has a market capitalization that is more representative of the mid-cap market space.[265]"
"April 18, 2016",THC,Tenet Healthcare,JAH,Jarden,"S&P 500 constituent Newell Rubbermaid Inc. (NYSE:NWL) acquired Jarden. Ulta Salon, Cosmetics & Fragrance Inc. (NASD:ULTA) replaced Tenet Healthcare Corp. (NYSE:THC) in the S&P 500.[266]"
"April 14, 2016",PBH,Prestige Brands,CNL,CLECO,Macquarie Infrastructure Partners acquired Cleco.[267]
"April 6, 2016",RH,Restoration Hardware,ATML,Atmel,S&P 500 constituent Microchip Technology Inc. (NASD: MCHP) acquired Atmel.[268]
"April 4, 2016",WBMD,webMD Health,SUNE,SunEdison,SunEdison has a market capitalization that is no longer representative of the mid-cap market space.[269]
"April 4, 2016",DCT,DCT Industrial Trust,FL,Foot Locker,S&P MidCap 400 constituent Foot Locker Inc. (NYSE:FL) replaced Cameron International Corp. (NYSE:CAM) in the S&P 500. S&P 100 & 500 constituent Schlumberger Ltd (NYSE:SLB) acquired Cameron International.[270]
"March 30, 2016[271]",ABMD,Abiomed,HOLX,Hologic,Exelon acquired Pepco Holdings. Hologic moved to S&P 500 to replace Pepco Holdings.
"March 30, 2016[271]",ESV,Ensco plc,CNC,Centene,S&P MidCap 400 constituent Centene Corp. (NYSE: CNC) replaced Ensco plc (NYSE: ESV) in the S&P 500.
"March 30, 2016[271]",FR,First Industrial Realty Trust,HNT,Health Net,Centene acquired Health Net.
"March 8, 2016",NJR,New Jersey Resources,SFG,StanCorp Financial,Meiji Yasuda Life Insurance Co. acquired StanCorp Financial.[272]
"March 7, 2016",HR,Healthcare Realty Trust,UDR,"UDR, Inc.",S&P MidCap 400 constituent UDR Inc. (NYSE: UDR) replaced Keurig Green Mountain Inc. (NASD:GMCR) in the S&P 500. JAB Holding Company acquired Keurig Green Mountain.[273]
"March 4, 2016",CNX,Consol Energy,SLH,Solera Holdings,Vista Equity Partners acquired Solera.[274]
"March 1, 2016",PVTB,PrivateBancorp,SIRO,Sirona Dental Systems,S&P 500 constituent Dentsply International Inc. (NASD:XRAY) acquired Sirona Dental Systems.[275]
"February 25, 2016",LNCE,Snyder's-Lance,CRC,California Resources,"Snyder's-Lance acquired Diamond Foods. California Resources had a low stock price, and its low market capitalization ranked it at the bottom of the S&P MidCap 400.[276]"
"February 9, 2016",FNB,FNB Corporation,RCII,Rent-A-Center,F.N.B. acquired Metro Bancorp.[277]
"February 9, 2016",SFM,Sprouts Farmers Market,SWI,SolarWinds,Private equity firms Silver Lake Partners and Thoma Bravo LLC acquired SolarWinds.[278]
"February 1, 2016",SCOR,comScore,CC,Chemours,comScore acquired Rentrak Corp. (NASD:RENT). The combined company's market capitalization will be more representative of the mid-cap market space.[279]
"February 1, 2016",CW,Curtiss-Wright,FRT,Federal Realty Investment Trust,S&P 500 constituent Avago Technologies Ltd. (NASD:AVGO) acquired Broadcom. S&P MidCap 400 constituent Federal Realty Investment Trust (NYSE:FRT) replaced Broadcom Corp. (NASD:BRCM) in the S&P 500.[280]
"January 27, 2016",POOL,Pool Corporation,BMR,BioMed Realty Trust,Private equity firm Blackstone Real Estate Partners acquired BioMed Realty Trust.[280]
"January 19, 2016",MSCC,Microsemi,ATW,Atwood Oceanics,Microsemi acquired PMC-Sierra Inc. (NASD: PMCS) and the combined company's market capitalization was more representative of the mid-cap market space. Atwood Oceanics was ranked at the bottom of the S&P MidCap 400 and had a market capitalization more representative of the small-cap market space.[281]
"January 19, 2016",EPR,EPR Properties,EXR,Extra Space Storage,S&P 500 constituent ACE Ltd. (NYSE:ACE) acquired Chubb. S&P MidCap 400 constituent Extra Space Storage Inc. (NYSE:EXR) replaced The Chubb Corp. (NYSE:CB) in the S&P 500.[282]
"January 5, 2016",FOSL,Fossil Group,TW,Towers Watson,Willis Group merged with Towers Watson. The combined company replaces Fossil Group in the S&P 500.[283]
"December 29, 2015",SNX,Synnex,CHD,Church & Dwight,S&P 100 & 500 constituent Intel Corp. (NASD:INTC) acquired Altera. S&P MidCap 400 constituent Church & Dwight Co. (NYSE:CHD) replaced Altera Corp. (NASD:ALTR) in the S&P 500.[284]
"December 14, 2015",JCOM,j2 Global,CYT,Cytec Industries,Solvay S.A. acquired Cytec Industries.[285]
"November 30, 2015",CSC,Computer Sciences Corp,APOL,Apollo Education,CSRA Inc. will be added to the S&P 500 reflecting its spin-off from Computer Sciences. CSC will be removed from the S&P 500.[286]
"November 18, 2015",GNW,Genworth Financial,ROVI,Rovi,Synchrony Financial (NYSE:SYF) replaced Genworth Financial Inc. in the S&P 500.[287]
"November 2, 2015",MKTX,MarketAxess Holdings,CYN,City National Corp,Royal Bank of Canada (NYSE:RY) acquired City National.[288]
"July 30, 2015",ENH,Endurance Specialty Holdings,TMST,TimkenSteel,Endurance Specialty Holdings acquired Montpelier Re Holdings.[289]
"July 8, 2015[290]",JACK,Jack in the Box,AAP,Advance Auto Parts,Dollar Tree has acquired Family Dollar Stores. Advance Auto Parts moves to S&P 500 to replace Family Dollar Stores.
"July 8, 2015[290]",WST,West Pharmaceutical Services,ADVS,Advent Software,SS&C Technologies Holdings Inc. (NASD:SSNC) has acquired Advent Software.
"July 1, 2015",ATI,Allegheny Technologies,UNT,Unit Corp,S&P 500 constituent NiSource Inc. (NYSE: NI) spun off Columbia Pipeline Group. NiSource will remain in the S&P 500 and Columbia Pipeline will join the S&P 500. Allegheny Technologies and Unit were ranked near or at the bottom of their current indices.[291]
"June 30, 2015[291]",CC,Chemours,SMTC,Semtech,S&P 100 & 500 constituent E. I. du Pont de Nemours and Co. (NYSE: DD) spins off Chemours.
"June 30, 2015[291]",CABO,Cable One,BTU,Peabody Energy,S&P MidCap 400 constituent Graham Holdings Company (NYSE: GHC) spins off Cable One. Graham Holdings remains in the S&P MidCap 400 following the distribution.
"June 30, 2015[291]",EPC,Edgewell Personal Care,HSC,Harsco,"S&P MidCap 400 constituent Energizer Inc. (NYSE: ENR) spins off ""new"" Energizer. Post spin, the parent company will change its name to Edgewell Personal Care Co. and trade under the symbol ""EPC"". It will remain in the S&P MidCap 400 following the distribution."
"June 25, 2015",CASY,Casey's General Stores,AOL,AOL Inc,S&P 100 & 500 constituent Verizon Corp. (NYSE: VZ) acquired AOL.[291]
"June 11, 2015",WETF,WisdomTree Investments,QRVO,Qorvo,Qorvo Inc. replaced Lorillard Inc. in the S&P 500 due to Lorillard being acquired by Reynolds American Inc.
"June 29, 2015",CBRL,Cracker Barrel,DRC,Dresser-Rand Group,Siemens AG acquired Dresser-Rand Group.[292]
"June 10, 2015",MANH,Manhattan Associates Inc.,LTM,Life Time Fitness Inc.,Life Time Fitness is now a private company.
"June 1, 2015",TLN,Talen Energy,WIN,Windstream,Talen spun off by PPL Corp (NYSE:PPL); Windstream bumped due to market cap rank[293]
"May 29, 2015",OZRK,Bank of the Ozarks,XLS,Exelis,S&P 500 constituent Harris Corp. (NYSE:HRS) acquired Exelis.[294]
"April 27, 2015",DNKN,Dunkin' Brands Group Inc,RVBD,Riverbed Technology Inc,Riverbed Technology acquired by group led by Thoma Bravo LLC[295]
"April 24, 2015",CSAL,Communications Sales & Leasing,CLF,Cliffs Natural Resources,Communications Sales & Leasing spun off by Windstream Holdings; Cliffs Natural Resources removed due to market cap adjustments[296]
"April 7, 2015",CNO,CNO Financial Group,SLXP,Salix Pharmaceuticals,Salix Pharmaceuticals acquired by Valeant Pharmaceuticals (NYSE:VRX).[297]
"September 30, 2014",CDK,CDK Global Inc.,BBG,Bill Barrett Corporation,Bill Barrett's market capitalization is below $1.2 billion.[298]
